cores,tiempo_segundos,speedup
1,0.36950111389160156,0.9065440702026067
2,0.34070301055908203,0.9831701903133073
4,0.3402369022369385,0.9845170865634659
8,0.3272395133972168,1.0236204065157932
